id,edad,sexo,ingreso,area
1,56,H,543585,Urbana
2,69,H,3557213,Rural
3,46,M,3039448,Urbana
4,32,M,609556,Urbana
5,60,H,2075557,Urbana
6,25,M,4527419,Urbana
7,38,M,4894539,Urbana
8,56,M,2623091,Urbana
9,36,H,2509021,Urbana
10,40,H,1701482,Urbana
11,28,H,1042335,Urbana
12,28,H,3933977,Urbana
13,41,H,4770070,Rural
14,70,H,4060920,Urbana
15,53,H,2984413,Urbana
16,57,H,3407360,Rural
17,41,H,3282592,Urbana
18,20,M,2735000,Rural
19,39,H,4822252,Urbana
20,70,M,902690,Urbana
21,19,M,3048421,Urbana
22,41,M,4716263,Urbana
23,61,H,4306618,Urbana
24,47,H,2454109,Urbana
25,55,H,4922880,Rural
26,19,H,3612754,Urbana
27,38,M,1884250,Rural
28,50,H,4525717,Urbana
29,29,H,561087,Rural
30,39,H,1996176,Urbana
31,61,H,2386013,Urbana
32,42,H,539353,Urbana
33,66,M,3860011,Urbana
34,44,H,4759622,Rural
35,59,M,916880,Urbana
36,45,H,1313168,Urbana
37,33,M,725281,Urbana
38,32,H,3617697,Urbana
39,64,H,4282875,Rural
40,68,M,3495765,Rural
41,61,M,769536,Rural
42,72,M,4872093,Urbana
43,69,H,2061729,Urbana
44,74,M,2722809,Rural
45,20,H,1181669,Urbana
46,54,H,4364822,Rural
47,68,M,1619043,Rural
48,24,M,3829462,Rural
49,38,H,2706903,Urbana
50,26,H,2241093,Urbana
51,56,M,3058231,Rural
52,35,M,4800385,Urbana
53,21,M,3580389,Urbana
54,42,H,2161909,Urbana
55,31,H,3156138,Rural
56,67,H,610078,Urbana
57,26,H,2415631,Urbana
58,43,H,1904104,Urbana
59,70,H,2508187,Urbana
60,19,M,2159066,Rural
61,37,H,4673125,Urbana
62,45,H,2648815,Urbana
63,64,H,4524066,Rural
64,24,M,4635314,Rural
65,61,H,1410681,Urbana
66,25,H,2107618,Rural
67,64,M,4396830,Urbana
68,52,H,4836787,Urbana
69,31,H,3255423,Rural
70,34,H,2533350,Rural
71,53,H,2811987,Rural
72,67,H,571295,Rural
73,57,M,1243974,Urbana
74,21,M,3945376,Urbana
75,19,M,4112600,Rural
76,23,H,1325816,Urbana
77,71,H,874705,Rural
78,59,H,4217270,Rural
79,21,M,2356926,Rural
80,71,H,2158845,Urbana
81,46,H,2526793,Urbana
82,35,M,1054594,Urbana
83,43,H,647718,Urbana
84,61,M,4004473,Urbana
85,51,M,2704664,Urbana
86,27,M,4841747,Urbana
87,53,H,2019163,Urbana
88,31,H,1186976,Urbana
89,48,H,2972189,Urbana
90,65,H,3641259,Urbana
91,32,H,617796,Rural
92,25,H,1741082,Urbana
93,31,H,4614639,Urbana
94,40,M,3188130,Urbana
95,74,H,4174515,Rural
96,57,M,2079159,Urbana
97,38,H,1407317,Urbana
98,33,H,2985367,Urbana
99,62,H,1168234,Urbana
100,35,M,878480,Urbana
